judul_lagu;nama_artis;playlist_name;url;genre_lagu;lyrics
Hukum Rimba;Marjinal;Indonesian Punk;https://open.spotify.com/track/3jZX16Yv2QFTgs81LysOm2;['indonesian punk'];"Hukum adalah lembah hitam Tak mencerminkan keadilan Pengacara, juri, hakim, jaksa Masih ternilai dengan angka, uang  Hukum telah dikuasai Oleh orang-orang beruang Hukum adalah permainan 'Tuk menjaga kekuasaan  Maling-maling kecil dihakimi Maling-maling besar dilindungi Maling-maling kecil dihakimi Maling-maling besar dilindungi  Hukum adalah komoditas Barangnya para tersangka Ada uang, kau 'kan dimenangkan Tak ada uang, ya say, ""Good bye""  Di manakah adanya keadilan ..."
Cinta Pembodohan;Marjinal;Indonesian Punk;https://open.spotify.com/track/5ECzScjDchkdHWxSXRRDsy;['indonesian punk'];Dunia punya cerita Cerita tentang cinta Cinta, cinta, cinta ta Cinta  Pada stres Dan nggak sedikit yang gila mati (mampus) Minum racun serangga Gantung diri di pohon jengkol Nubrukin badan ke bis kota yang sedang mangkal Lompat melompat dari gedung bertingkat Karena cinta Demi cinta  Hei, kaw-kaw-kawan terlihat cemen (Aih, kita 'kan anak gaul lagi)  Dengernya pun lagu cengeng ...
Negri Ngeri;Marjinal;Indonesian Punk;https://open.spotify.com/track/2biOy0aubDhdyfPD9cipLt;['indonesian punk'];Lihatlah neg'ri kita (ho-oh) Yang subur dan kaya raya Sawah-ladang terhampar luas Samudra biru, yeah  Tapi rataplah neg'ri kita (ho-oh) Yang tinggal hanyalah cerita Derita dan derita Terus cerita (cerita terus)  Pengangguran merebak luas Kemiskinan merajalela Pedagang kaki lima tergusur Teraniaya  Bocah-bocah kecil merintih Melangsungkan mimpi di jalanan Buruh kerap dihadapi Penderitaan  Inilah neg'ri kita (ho-oh) Alamnya kelam, tiada berbintang Dari derita dan derita Menderita (derita terus)  Sampai kapankah derita ini? (Au-ah) Yang kaya darah dan air mata ...
Luka Kita;Marjinal;Indonesian Punk;https://open.spotify.com/track/7u0yu4v9zYILEuniBGBiaU;['indonesian punk'];Bencana dari neg'ri air mata (wo-oh-oh) Ratusan ribu jiwa pergi mendahului kita (wo-oh-oh) Bara luka kobarkan cita rasa bersama (wo-oh-oh) Bara luka jadikan satu pelita (ho-oh-oh-oh)  Saudaraku yang pergi tak hanya tinggalkan nama (ho-oh-oh-oh) Saudaraku yang pergi meninggalkan berjuta makna (ho-oh-oh-oh) Saudaraku yang pergi membangunkan seisi dunia Agar mengerti dalamnya makna hidup yang ada (wo-yeah)  Tunjukkan bahwa kita semua bersaudara Luka mereka, luka kita semua Tunjukkan, tunjukkan oleh kita ...
Ham;Marjinal;Indonesian Punk;https://open.spotify.com/track/3VaFJY8uEfPkcF6DSVewGz;['indonesian punk'];Tergerak dari jiwa Melalui pancaindra Ada tugas mulia Jadi tanggung jawab kita bersama  Buka mata hati kita semua 'Tuk hari esok yang lebih baik Kepalkan tangan, satukan jiwa 'Tuk menghancurkan angkara murka  Muliakan hak-hak manusia Mari junjung dan jaga bersama Mari kita ciptakan dunia Yang bebas dari penindasan Dan kebatilan  Hak, hak asasi manusia harus dihormati Hak, hak asasi manusia harus dilindungi ...
Marsinah;Marjinal;Indonesian Punk;https://open.spotify.com/track/09xgqIGpbOe3u0k6Fj0mJP;['indonesian punk'];Kulihat Buruh perempuan Berkeringat Membasahi bumi Yang gelap  Energi (energi) yang kau curahkan Begitu besar telah kurasakan Terhanyut dalam kesombongan Terlupakan  Gemerlap (gemerlap) cahayamu Membentangi garis kehidupan Ada darah rintih dicaci-maki Kau hadapi  Keringat dan ketegaranmu Mengalir deras tak ternilai Hanya tetes darah dan air mata Yang kau terima ...
Boikot;Marjinal;Indonesian Punk;https://open.spotify.com/track/4hkkXU4PzsMWwYS58jV71c;['indonesian punk'];Gilanya tradisi yang ada di dunia ini Siapa yang kuat dialah yang berkuasa Berlomba-lomba 'tuk menghindar menjadi mangsa Kita manusia tak kenal lagi manusia  Jilat-menjilat itu mah sudah biasa Tikam sana tikam sini dan siap memangsa Hei, hei, tai asu Yang menjadi serigala 'tuk manusia yang lainnya Manusia semakin gila  Yang kuat menguasai, yang lemah dikorupsi Yang kaya semakin kaya, yang miskin semakin miskin Yang pintar membodohi, yang bodoh dibudayakan  Yang kuat menguasai, yang lemah dikorupsi Yang kaya semakin kaya, yang miskin semakin miskin Yang pintar membodohi, yang bodoh dibudayakan  Boikot! Boikot! Budaya yang memiskinkan Boikot! Boikot! Budaya yang merusak Boikot! Boikot! ...
Partai Anarki;Rebellion Rose;Indonesian Punk;https://open.spotify.com/track/1lzhYIVEYCNXnfKMZTOrFw;['indonesian punk', 'yogyakarta indie'];Anarki Anarki Anarki Anarki  Selamat datang di negara korup Suram penuh masalah (Derita) Petinggi rakus, rakyat dibodohi Aparat dan birokrasi (Bencana)  Bak buk bak buk, gerak revolusi Tak gentar angkat senjata (Menyerang) Satu bumi, bendera anarki Goyahkan, dobrak istana (Merdeka)  Lawan Hancurkan Lawan  Rapatkan barisan Satukan suara penuh dendam Entah sampai kapan Tak lelah berhenti melawan  Pesta rakyat, berkedok janji palsu Penguasa media (Tertawa) Kemiskinan karena kau dimiskinkan ...
Guy Fawkes Day;Rebellion Rose;Indonesian Punk;https://open.spotify.com/track/2kHWIFkYsgIpT2eiogQBm5;['indonesian punk', 'yogyakarta indie'];Guy fawkes day, guy fought day Guy fawkes day, guy fought day  Remember, remember the Fifth of November The gunpowder treason and plot Remember, remember the Fifth of November There's no reason that day should ever be forgot  Can you see the light? (hooo-oo) Can you feel the hope? (hooo-oooo) I burn my bonfires and fireworks to remember ...
Punk!;Rebellion Rose;Indonesian Punk;https://open.spotify.com/track/6gdaFiK17JehZd1gT5FqrU;['indonesian punk', 'yogyakarta indie'];Keras hidup yang menerjang Tak pernah merubah jalan hidupku Panas pelukan mentari Tak menghentikan bulat tekadku Terus berlari, tak pernah peduli ancaman dari mereka  Tetap dan terus berdiri bersama, kawan (woi, woi, woi) Tanpa hiraukan segala bentuk perbedaan (wooo-oo-oo) Lawan dan hajar di depan yang terus menghadang (woi, woi, woi) Angkat gelas dan teriakkan ...
Sehat Selalu Sodaraku;Rebellion Rose;Indonesian Punk;https://open.spotify.com/track/2J4mjhS47Mzj01WauAYwVd;['indonesian punk', 'yogyakarta indie'];Berjumpa lagi, hei sodaraku Melepas rindu kita Bernyanyi lantang merdeka Sehat selalu, sodaraku  Malam Minggu di jalan Satu barisan ke depan Bergerak serentak Hari ini milik kita  Berdiri hadang truk yang melintas Atribut kebanggaan Tuak nomor dua Yang penting kita bersama  Bersama-sama berkumpul lagi Gila dan lepas kendali Angkat yang terjatuh Damai tanpa perusuh  Siapa itu bawa bendera Gagah dan mempesona Selamat berdansa Kita bakar suasana Dan bersiap  Jawa Timur, Tengah dan Barat ...
Aku Bencana;Rebellion Rose;Indonesian Punk;https://open.spotify.com/track/0KQ9hebCyEO9xwMFW5G5mN;['indonesian punk', 'yogyakarta indie'];OI!!! OI!!! OI!!!  Aku lahir di deras badai hujan Aku tumbuh di medan pertempuran (OI!) Ayah ibuku bulan dan bintang Rumah kami samudera hutang  Aku bencana bernafas ancaman Liku duniaku tak senyamannya dirimu Keluhku tak berguna, peluhku nyawa Kelak 'ku datang 'tuk rasakan derita  ...
Sindikat Pekerja Keras;Rebellion Rose;Indonesian Punk;https://open.spotify.com/track/203najuHBhSO5rlKkXLo2Z;['indonesian punk', 'yogyakarta indie'];Sindikat, sindikat, sindikat Sindikat pekerja keras Pergi pagi, pulang malam Rayakan dengan minuman  Sindikat, sindikat, sindikat Sindikat pekerja keras Pergi pagi, pulang malam Rayakan dengan minuman  Gagah tanpa celah Amunisi penuh dari rumah Langkah tak kenal lelah Berdoa 'tuk mantapkan arah  Bangun, siap dan bergegas Menerjang panas debu jalanan Maka lupakan kerasnya hingar bingar peristiwa Demi ia tercinta (oh-oh) ...
Barisan Juang;Rebellion Rose;Indonesian Punk;https://open.spotify.com/track/4yujffALQMckZvppZKSkmo;['indonesian punk', 'yogyakarta indie'];Jiwamu yang besar Liar dan tak gentar  Tak terlupa saat itu, hari-hari bersamamu Berdansa di arena cinta dan berbagi cerita Hangat kopi pagi itu, gelasku bagi denganmu Berandai-andai tentang cara satukan dunia  Selamat jalan, kawan, tenang kau di sana Salam kami untukmu Selamat jalan, kawan, tetaplah kau tenang Barisan juangmu memanjang  Jiwamu yang besar Liar dan tak gentar ...
Maju Menantang;Rebellion Rose;Indonesian Punk;https://open.spotify.com/track/1jiDGfl9SFeocHDhNr7dOX;['indonesian punk', 'yogyakarta indie'];Hajar tinju yang menghadang Maju dan menantang Abaikan isu menyesatkan Maju dan menantang  Ooo, laju ini tak henti Ooo, akan tetap berdiri  Matahari 'kan setia tebar panasnya Maju dan menantang Dingin malam mengusik menusuk Maju dan menantang  Ooo, laju ini tak henti Ooo, akan tetap berdiri  Hingga lelah raga ini akan tetap berdiri Walau berat aral di depan menghadang Maju tetap menantang Hingga lelah raga ini laju takkan terhenti Walau tajam liku di depan menghadang ...
Damai Bersamamu;Rebellion Rose;Indonesian Punk;https://open.spotify.com/track/0VbYymggowAhu3ZcSTdBCf;['indonesian punk', 'yogyakarta indie'];Setelah sekian lama Setelah semua luka yang terasa Setelah serbuan deras penderitaan Setelah lomba alih kuasa Janji palsu mereka mengudara Masih kau duduk nyaman  Setelah semua yang mereka lakukan sangat jauh dari harapan Masihkah kau percaya dengan lagu-lagu istana Setelah melancarkan penggusuran, alam kaya pun dijual Sampai kapan kau tetap duduk nyaman  Maju kau pejuang bersabar Karena kemenangan milik yang tak lelah berjuang Maju kau pejuang bersabar Cahaya di kepalan tegas benderang  Setelah berliku jalan kau tempuh Jangan lupa tempat berlabuh ...
Senjata Baru;SUPERIOTS;Indonesian Punk;https://open.spotify.com/track/0ecA25FigeALLc7EYinSLZ;['bogor indie', 'indonesian punk'];Kerasnya hidup terasa semakin keras Penindasan pun terasa lewati batas Sudut yang benar dibuat menjadi lemah Tidak berkutik dan tidak bisa bergerak  Ketika lagu dianggap senjata baru Kami kirimkan ribuan lagu untukmu Tentang semangat keringat dalam diriku Melangkah maju, melesat bagai peluru  Hancurkan, musnahkan yang menghancurkanmu Tikam tirani yang tak terhenti Genggam semangat hingga berarti ...
Punk Skinhead Bersatu;SUPERIOTS;Indonesian Punk;https://open.spotify.com/track/2yLnXvjhkpeRh1FpsqhN3D;['bogor indie', 'indonesian punk'];Hey, let's go punk, go!  Teror bom belum berakhir Derita pun tak terhenti 'Kan berjuang sampai akhir Dan bersatu sampai mati  Kita bersatu kuatkan perlawanan Yang menghancurkan, singkirkan Hancurkan sistem dan bentuk kekuatan Lawan sampai mati  Punk skinhead bersatu (oi, oi, oi) Punk skinhead bersama (bersama) Punk skinhead takkan mati (oi, oi, oi) ...
Kawan Sejati Terhitung Jari;SUPERIOTS;Indonesian Punk;https://open.spotify.com/track/2AMzgVLmK8xhtNRX6CFRbz;['bogor indie', 'indonesian punk'];Kepercayaan yang utama Mampu menerangi semua Banyak kawan bermuka dua Tapi itu bukan dia  Dia datang saat ku senang Juga saat ku dibodohi Kawan sejati takkan lari Walau semangat hampir mati  Bukan yang berpiawai (my friend, my brother) Bukan yang banyak bicara tinggi  Tetapi kawan sejati Kawan sejati terhitung jari Terhitung jari  ...
Selamat Datang Di Surga Kami;SUPERIOTS;Indonesian Punk;https://open.spotify.com/track/4TmSzI4D6AcwBQmt8kNdXr;['bogor indie', 'indonesian punk'];Sungai indah mengalir deras, memutari di desa kami Kini air kotor dan tercampur limbah dan tak dapat diminum lagi Gunung yang lebat dan menghijau, pemandangan di desa kami Kini gundul hancur dirampas mereka hingga kini tak hijau lagi  Bencana datang menghampiri menghancurkan separuh negeri Tangisan derita terjadi dan kini tak pernah berhenti Di bawah langit yang kelam, di atas tanah yang hitam Di sanalah kami berdiri, selamat datang di Surga kami  ...
Selamat Datang Di Surga Kami;SUPERIOTS;Indonesian Punk;https://open.spotify.com/track/5EbNgfZ2pUQbnxGrRnbqNA;['bogor indie', 'indonesian punk'];Sungai indah mengalir deras, memutari di desa kami Kini air kotor dan tercampur limbah dan tak dapat diminum lagi Gunung yang lebat dan menghijau, pemandangan di desa kami Kini gundul hancur dirampas mereka hingga kini tak hijau lagi  Bencana datang menghampiri menghancurkan separuh negeri Tangisan derita terjadi dan kini tak pernah berhenti Di bawah langit yang kelam, di atas tanah yang hitam Di sanalah kami berdiri, selamat datang di Surga kami  ...
Lepas Kendali;SUPERIOTS;Indonesian Punk;https://open.spotify.com/track/6q0d1aAnGEsEWrgIDx9B8y;['bogor indie', 'indonesian punk'];Ini hari yang indah saat tepat 'tuk bertemu Melepas rasa penat yang bersarang di otakmu Berikanlah pelukan untuk orang yang kau sayang Agar saat kau pergi semuanya 'kan tenang, oke  Janganlah ragu, jabat erat tanganku Terlihat di matamu kau masih seperti dulu Dan nyanyikanlah lagu-lagu tentang dirimu Masuki pikiranmu, ingat masa lalu  Berkumpul lagi bersama-sama Lepas kendali, kita berdansa  Persetan kata orang kita pun tidak mengganggu Nada dan suaraku tak lukai telingamu ...
Orang Aneh;SUPERIOTS;Indonesian Punk;https://open.spotify.com/track/79ww4dbaVm1ERqCJEZVKG3;['bogor indie', 'indonesian punk'];Jalan pikirku memang t'lah jauh berbeda Dan penampilanku yang berbeda jauh Hanya mencoba menjadi yang aku mahu Semua tertawa melihatku seperti orang aneh  Bicara kau seenaknya Tanpa pikir-pikir orang 'kan terluka Lekas kau menunjuk wajah depan mata  Hanya kar'na ku berbeda Tak berarti hingga kau rendahkan aku Caci dan makimu 'kan menyerangku  Lakukan saja apapun yang kau mau Tapi jangan kau mengganggu Biarkan saja aku dengan gayaku Dengan caraku ...
Sunset Di Tanah Anarki;Superman Is Dead;Indonesian Punk;https://open.spotify.com/track/1bfbixjy7OPG2n3MbLKrKu;['bali indie', 'indonesian pop punk', 'indonesian rock'];Inilah Radio Revolusi Indonesia Mempersembahkan sebuah langgam nostalgia  Andai ku malaikat, kupotong sayapku Dan rasakan perih di dunia bersamamu Perang 'kan berakhir, cinta 'kan abadi Di tanah anarki, romansa terjadi  Desing peluru tak bertuan Hari-hari yang tak benderang Setiap detik nyawa ini Kupertahankan untukmu  Alasanku ada di sini Dan parasmu yang kurindukan Di neraka 'kan kumenangkan Hariku bersamamu  Andai ku malaikat, kupotong sayapku Dan rasakan perih di dunia bersamamu ...
Bulan & Ksatria;Superman Is Dead;Indonesian Punk;https://open.spotify.com/track/2Iw7F9BZgi0oGuu6kDumlU;['bali indie', 'indonesian pop punk', 'indonesian rock'];Jejak dendam perih meraksasa di angkasa Akan cinta yang besar dan terhalang durjana Manusia melacurkan diri di istana Namun tak demikian dengan bulan ksatria  Kekuatan cinta 'kan beri dia mahkota Bulan merana jingga hapus air matamu Ksatria datang dengan bendera tanpa pedang Di detik ini cinta adalah kebenaran  Tinggi menjulang menembus peradaban Melewati waktu melawan pembenaran Dan kini bulan menantikan gemilang Tangis, air matanya telah hilang  Derap kuda ksatria gagah dekati surga Walau neraka berjanji 'tuk menghabisinya Di pintu istana bulan merajah hatinya ...
Punk Hari Ini;Superman Is Dead;Indonesian Punk;https://open.spotify.com/track/3jFLkK5G0NVcOzsDGbjMsm;['bali indie', 'indonesian pop punk', 'indonesian rock'];Waktu terus berjalan, tiada yang di sisimu Ingin keluar 'tuk dapatkan pemikiran baru Kukesal hari ini melihat di sekitar Semuanya sama dan seragam Korban dari majalah  Dia pikir dia berbeda Dan semua band mengkopi Blink Di manakah pemberontak engkau bersembunyi? Bukankah ini penting Dan perasaanku membunuhku!  Kubenci semua yang tak pasti wo, oo Rambut spikey dibilang funky wo, oo Mall dipenuhi lambang anarki wo, oo ...
Bukan Pahlawan;Superman Is Dead;Indonesian Punk;https://open.spotify.com/track/0ik6iwCfkwrafBvcduaYtO;['bali indie', 'indonesian pop punk', 'indonesian rock'];Di sudut kota ini melangkah sepi Dihantui mimpi abadi Tangis dan air mata di pinggir jalan Kapankah ini 'kan berakhir?  Pemabuk di pelukan pelacur jalanan Bermahkotakan duri tajam Tutup matamu kawan besarkan hati Surga dan neraka menanti  Aku bukan pahlawan berparas tampan Sayap-sayap pupus terbakar Salah-benar semua pernah kulakukan ...
Puisi Cinta Para Perompak;Superman Is Dead;Indonesian Punk;https://open.spotify.com/track/764X3uE3vjmDCqTBAEMAQE;['bali indie', 'indonesian pop punk', 'indonesian rock'];Kuingat Jelita Hatiku merana Di tengah lautan samudra  Kutenggak anggurku Kuasah pedangku Saatnya 'tuk mencari mangsa  Seiris puisi Kuhempas nada Asa perompak yang mencari janji  Tunggu 'ku, Jelita Di tepi pelabuhan api Di sini, aku bernyanyi  Ribuan mahkota ...
Kita adalah belati;Superman Is Dead;Indonesian Punk;https://open.spotify.com/track/2iPhUfi56zAPDpkcxx4UD6;['bali indie', 'indonesian pop punk', 'indonesian rock'];Sunset di tanah anarki kian mencekam, dan sayap patah terbang tertatih bersamanya Hari ini setan bersyukur memanjatkan doa-doanya, untuk dunia tanpa pelangi Mawar merah menghitam tega bunuh asmara Ketika cinta tenggelam ku 'kan mewarnainya Hari ini malaikat pergi dan tak akan pernah kembali, dan kita adalah belati  Bertarung lepas tiada henti Menancap keras di dada  Kita belati, kita adalah belati Tak sempurna, jauh dari merdeka Kita bernyanyi, belati ini abadi Tak berhenti takkan pernah berhenti  ...
Belati Tuhan;Superman Is Dead;Indonesian Punk;https://open.spotify.com/track/5I1fV0WeGFhAoFx8I7KKvq;['bali indie', 'indonesian pop punk', 'indonesian rock'];Menebas terali terkurung api Terlahir telanjang tanpa senjata Meradang meluka dirantai dogma Memanggil badai runtuhkan kekang Berderap serentak tanpa seragam Tak pernah henti berkarat  Wouooo ... Kamilah kutukan peradaban Wouooo ... Kamilah suara yang terlupakan Wouooo ... Kamilah bayang sempurna Yang tak pernah kau temukan! ...
Kita VS Mereka;Superman Is Dead;Indonesian Punk;https://open.spotify.com/track/25z70HJi9kaLM7inY1qiRe;['bali indie', 'indonesian pop punk', 'indonesian rock'];Hey kau yang terluka karna engkau berbeda Jangan pernah menyerah hancurkan kesedihan Kita kan bersama, ayo lawan dunia Injak kesombongan dan keangkuhannya  Kita bukan mereka Kita bukan anak bangsa sempurna Kita bukan bangsawan Nan rupawan, yang harus dihormati Matilah keseragaman, kedangkalan hidup di dunia Jarum dan tinta, kulit berwarna Buktikan kubisa, kan kurubah dunia  Hey kau yang terluka karna engkau berbeda Jangan pernah menyerah hancurkan kesedihan Kita kan bersama, ayo lawan dunia Injak kesombongan dan keangkuhannya ...
Kalibata Punk;CREWSAKAN;Indonesian Punk;https://open.spotify.com/track/0UoISFpFXKs7Fq49jqUh69;['indonesian punk'];Apalah arti sebuah kawan sejalan Jika hanya omongan doank Lalu kau lari dan pergi bersembunyi Menjadi seorang pecundang  Kami tetap disini, kami tetap bertahan Meski harus tanpamu benalu Bukalah mata hati dan pikiran kita Kontrol naluri bergerak bersama  Kalibata punk oi, Kalibata punk Street story, Kalibata punk oi oi ...
Punk Baru;CREWSAKAN;Indonesian Punk;https://open.spotify.com/track/2joL4RIYStvuMqzZIaqK3F;['indonesian punk'];Oke selamat siang, selamat pagi, selamat malam Mohon maaf kalo kami mengganggu pendengaran anda Kami hanya ingin berbicara bahwa kami ini berkarya bukan bergaya Kalo bagi anda yang tak suka, silahkan tutup telinganya  Mengapa kau tak bisa Menjadi dirimu sendiri Hanya omongan tanpa pembuktian Yang kau andalkan di dunia ini  Berbicara kau merasa paling tinggi Ingin dihormati tapi kau tak menghargai Cobalah lihat dan mulailah rasakan Nikmatnya menjadi diri sendiri  Nikmatnya menjadi diri sendiri  Gak ada tukang telor, adanya tukang permen Gak ada punk senior, adanya punk permanen (Sikat pak Haji)  Awal mula kau meremehkan diriku Teriang jelas di telingaku ...
Film Murahan;Romi & The Jahats;Indonesian Punk;https://open.spotify.com/track/2SkvQVekZUZXdGCnvM5ftd;['indonesian hardcore'];Hidupku dulu dalam permainan Terjebak bingung di kesenangan orang lain Digulung erat dicoreng noda, dipaksa tampil sebagai pemenang Di film murahan, barang murahan yang kelam  Gemuruh sorak sorai di jiwaku Seakan penonton yang menyadarkan ku Merah membara tak terpadamkan bagai banteng jantan yang terluka Menahan sakit, menanduk keras dan terang  Lagu sendu yang dulu sering menyertaiku Tak kuasa lagi lebur di nadiku Memuntahkan semua tinja didadaku Lidahku telah menyatu ...
Robekan Nestapa;Romi & The Jahats;Indonesian Punk;https://open.spotify.com/track/3vhGNxL8QdQCVsXwqyk3CF;['indonesian hardcore'];Degup jantungku seirama dengan geliat kemerdekaan Yang kupercaya menghidupkan merah terang pelita asa Derap langkah melintasi mengiringi fajar jingga Kupercaya yang diperlukan cuma bukti harus dirasakan  Tidak harus mata kepala melihat jelas apa yang kaulakukan Jujur pada diri sendiri, wakili putihnya orang biasa Takkan habis dimakan waktu dan tak rusak ditelan jaman Setiap insan mengukir ceritanya di tembok sejarah  Menara dibangun dengan alat dan tenaga. Bangkitlah s'mangatmu jiwa yang membara Putuskan belenggu, robohkan takutmu Menyala nyalimu sinari dunia  Yang tersirat dalam air mata ...
Sudah Punah;Romi & The Jahats;Indonesian Punk;https://open.spotify.com/track/5EyxDHwg6PLAVAsnAk1plb;['indonesian hardcore'];Bila dua benda berbenturan Pasti ada satu yang 'kan rusak Sudah enam kuasa bergantian Belum juga mata terbelalak  Wo-ho, mungkin ada Satu hal yang telah hilang dari kita (dari kita) Sudah punah (punah sudah) Nilai kebajikan yang dulu (hei, hei, hei, hei) Ditanamkan  Bilang saja mau dibawa ke mana nasib kita Ke tepi jurang dan mati masalkah? ...
Jauh Sebelum Kau Dilahirkan;Romi & The Jahats;Indonesian Punk;https://open.spotify.com/track/3atWfCWoRndZZ4Vb49sRUJ;['indonesian hardcore'];Bapakmu dulu berfikir untuk mati muda Jauh sebelum kau dilahirkan Kini kita berhadapan ini keajaiban Kadang tak sabar menunggu Saat saling mempelajari  Kelak kau 'kan dewasa dan penuh tantangan Jawablah dengan kebijaksanan  Bertindak beranilah di setiap kesempatan Tetapi tak perlu kau berlaku bodoh Kenali kebutuhanmu jauhi keinginanmu Anakku jalanmu tak akan tersesat  ...
Punk Is Attitude;MCPR;Indonesian Punk;https://open.spotify.com/track/2N4cd6bN0tYkpJbycAPD4K;['indonesian punk'];Oy, lihatlah kembali tentang apa yang kita jalani Berpuluh tahun t'lah berlalu, tak terhenti Di jalanan temukan berjuta esensi kehidupan Tentang arti yang sejati, berdikari  Bukan tentang apa yang ada di hidupmu Tapi tentang jalan pikiranmu Bukan tentang apa yang kita kenakan ...
Rayakan Pertemanan;MCPR;Indonesian Punk;https://open.spotify.com/track/0oabImj4tTIXmpKStEb6oe;['indonesian punk'];Ribuan beda dan warna yang tak sama Suara terdengar lantang menggema Samarkanlah perbedaan, cipta keragaman Cintailah pertemanan  Jabat erat tanganku dan rangkulkan di pundakku Ku 'kan sampaikan pesanku Tentang marah dan dendam, sudahilah di hatimu Rayakanlah pertemuan  Bersulang, lepaskan Jiwa-jiwa yang luka Bahagia, sukacita  ...
Balada Anak Jalanan;MCPR;Indonesian Punk;https://open.spotify.com/track/4KhDipj2ISMdK06nrTQdYO;['indonesian punk'];Panasnya mentari tak halangi langkahmu Keringat bercampur debu membasuh tubuhmu Kau susuri jalanan yang semakin berliku Kau gambaran derita dari negeri yang kaya  Bukan kau tak mau menatap masa depan Cita cita terbungkam oleh keadaan Ku tau engkau kan tetap meraih mimpimu Karena ku pun tau Kau dan aku satu  ...
Cinta dan Norma;MCPR;Indonesian Punk;https://open.spotify.com/track/4BUmmU0qXA2qdhDmrhH2Ai;['indonesian punk'];Percuma kalian bilang Aku seorang brandalan Persetan Percuma Nggak punya harga diri Nggak punya masa depan Pikir Engkau siapa  Di otakmu hanya harta Di matamu hanya tahta Pikir ...
Rekonsiliasi Harga Mati;MCPR;Indonesian Punk;https://open.spotify.com/track/64thcxYQMgso34MGbGsGft;['indonesian punk'];Saling menghasut merasa benar Atas nama rakyat kau berkoar Negeri ini bukan milikmu Negeri ini milik kami juga  ...
We are Punk! We are Pride!;MCPR;Indonesian Punk;https://open.spotify.com/track/02sl9X23IdCzjIGGkIBiCX;['indonesian punk'];Hey apa kabar Kau kebanggaan Kami datang bersua satu arena Lepaskan gairahmu bebas tanpa batas Syair-syair pembangkang jiwa-jiwa merdeka  Satukan yang berbeda tanpa ada jarak Jatuh dan bangkit lagi jabat erat kembali Dari semua penjuru bakar semangatmu Kanan kirimu saudara jangan saling memangsa  Lantang bernyanyi gagah dan bernyali Pertemuan ini adalah bangga ...
Supergirl;Rosemary;Indonesian Punk;https://open.spotify.com/track/50B8MoMH0McBorimkxyjt2;['indonesian pop punk'];Sometimes I feel I'm getting old My brain is full of shit and I don't want to know The days to black for me to walk I have nobody that I can giving all  Giving all-all the time Giving all-all the question Giving all-all the time to be heard  In my life the complicated things is ruling all the day In my life nothing seems to be so bad  In my heart-in my soul-in my mind-in my day I wanna be a supergirl I wanna be like that ...
Kepalkan Tangan Kiri;Scared Of Bums;Indonesian Punk;https://open.spotify.com/track/2Ysbjb7eAPENX5ewi31neD;['bali indie', 'indonesian indie', 'indonesian metal'];"Kepalkan tangan kiri, satukan, bulatkan tekad Rapatkan barisan, satu kata, ""Lawan!"" Jangan pernah 'tuk menyerah Bersama, bangkitkan semangatmu  Kuatkan janji bersama Tanpa rasa segan untuk satu tujuan Menutup kata 'tuk menyerah Yakinlah, terus melangkah  Angkat kepalan kiri, kibarkan bendera perang Runtuhkan semua dinding penghalang Tanpa ragu 'tuk buktikan Yakinlah, berjuang dengan jiwa  Kobarkan api semangat Dan atur serangan, bantai para pendusta 'Tuk wujudkan kemenangan bagi kaum tertindas ..."
Anarki Bukan Tirani;CREWSAKAN;Indonesian Punk;https://open.spotify.com/track/3MuEvUiF0MD93n0ciH9B2x;['indonesian punk'];Anarki bukan tirani Anarki penuh dengan misi Anarki tak pernah menghalangi Cahaya kawan sendiri  Anarki membuat kita mengerti Keringat orang lain itu berarti Anarki tak pernah mencuri Senyum dan tawa di kehidupan ini  Oh yeah  Terdengar sangatlah mengerikan Ketika kita mendengar kata-kata anarki Pembodohan yang sudah lama berakar Memutar balikkan kata tak sesuai artinya  Sudah terbiasanya masyarakat kita Menerima informasi tanpa mencari kebenarannya Hanya terpaut oleh bunyi dan bentuk Rentan dan mudah diadu domba  Anarki bukan tirani Anarki penuh dengan misi ...
Panasnya Kursi;CREWSAKAN;Indonesian Punk;https://open.spotify.com/track/1Lauj0CumCY2kwovbxHzsU;['indonesian punk'];Sumpah dan janji Tidak berharga di matamu Menebar retorika Janji manis membodohi suara yang terpenjara  Panasnya kursi Menghilangkan nurani di dalam hatimu Memegang tiga kunci, hukum di dalam kendali Keadilan tak berfungsi  Ketika jabatan menjadi tujuan Di dalam sebuah kehidupan ...
Kurang Taruna;CREWSAKAN;Indonesian Punk;https://open.spotify.com/track/1hBVFvJNLxW9E9pb05O6F4;['indonesian punk'];Negeri kita terserang wabah (Wabah) Kurang taruna Di mana tiada lagi pemuda Yang peduli dengan lingkungannya Acuhkan sejarah, ikuti tren masa kini Sedikit kerja, ingin terlihat berharga Pandai bersilat lidah, amarah mudah terpecah Di saat topang orang tua, ah nanti sajalah  Kurang taruna negeri ini ...
Jalanan Adalah Sekolah;Lukanegara;Indonesian Punk;https://open.spotify.com/track/3wbGkk5A8J2syV3EA4rk38;['indonesian punk'];Bagi kami kreasi bukan tradisi Melainkan harta yang tak terbeli Dan bagi kami jalanan adalah sekolah Tapi ingat jangan anggap kami sampah  Banyak orang bicara semaunya tentang cara hidup kita Tak perduli apa kata mereka yang penting bisa berkarya dan terus Berkarya 'tuk hidupkan dunia dengan seni dan peran budaya Bergerak berontak itu biasa kar'na keadilan tak ada Jangan lihat kami sebelah mata  Mengingat semua hal yang kau katakan tentang kami dan jalanan Jangan kau anggap sebagai pelarian kar'na di sini kami tumbuh dan terus ...
Bertahta Diatas Tanah Mereka;Lukanegara;Indonesian Punk;https://open.spotify.com/track/0ERghBKX2HSFmoeg3SfwUT;['indonesian punk'];Namida Wa Kao O Nagarete Mizuumi No Yodesu Hageshiku Nagareteimasu Utsukushii Kotoba O Jaaku Na Yuwaku Nikaemasu Nakinagara Unadareru Boryoku No Shita De Izen Tsue O Motazu Ni O-Toshiyori No Yo Deshita Shikimono Ya Yane Ganai Jotaide Karera Ni Yotte Kyodai Noyoni Dakishi Merareru Atatakaku Tsutsumareru Karera No Tochi O Jyojyoni Shihai Shiteiku ...
Bertahta Diatas Tanah Mereka Akustik;Lukanegara;Indonesian Punk;https://open.spotify.com/track/6pXGpRZT3N3DdynlH2dtfZ;['indonesian punk'];Percik air terus mengalir penuhi wajah Bak telaga Deras, tumpah ruah  Bersama kalimat mulia Berpeluk bayang kebiadaban Tertunduk dan terisak Di bawah keberingasan  Ingat, dulu kau membungkuk Bagai orang tua tanpa tongkat Alas tanah dan terbengkalai  Dirangkul, dipeluk, dipapah Seperti layaknya saudara Hangat terselimuti ...
Ngamen;SUPERIOTS;Indonesian Punk;https://open.spotify.com/track/3caSgByXqXWffe2HSXx6sW;['bogor indie', 'indonesian punk'];Kututup sudah masa belajarku Diam di sekolahku Aku tinggalkan masa senang-senang Kupacu masa depan  Semua lamaran telah disebarkan Kulamar pekerjaan Berbulan-bulan tak ada panggilan Oh, sungguh menyebalkan  Daripada ku diam di rumah Bikin susah ibuku Mendingan ngamen, persetan malu ...
Koruptor;SUPERIOTS;Indonesian Punk;https://open.spotify.com/track/1uKq7vgjdH6pBkAgj1nFBi;['bogor indie', 'indonesian punk'];Merah darahku, Indonesia Putih tulangku, Indonesia Kejayaanku Indonesia Dirusak orang Indonesia  Indonesia beralaskan darah kematian Kiblatkan keegoisan Kedamaian kini sangat sulit ditemukan Ke neraka menjadi rebutan  Milik kami (milik kami) telah dirampas (telah dirampas) Bangsa kami (bangsa kami) telah terkoyak (telah terkoyak) ...
Sorakan Oioioi;SUPERIOTS;Indonesian Punk;https://open.spotify.com/track/1hK6WBFxRVnlysXBh8Gf9O;['bogor indie', 'indonesian punk'];Let's go!  Tahun ini membahas sebuah problema Saksikan realita yang tersisa Tertawa-tawa melihat gedung fantasi Berjejer punk rock melirikkan banci  Sorakkan oi-oi-oi, dengar kami bernyanyi Bernyanyikan lagu tentang kehidupan Sorakkan oi-oi-oi, dengar kami berharap ...
Mereka Yang Berdasi (Old Version);Lukanegara;Indonesian Punk;https://open.spotify.com/track/0k9ZCDPq0JcIjeioForMgM;['indonesian punk'];Bukalah mata hatimu kawan  Korupsi tlah bangkit kembali  Lahirkan generasi terkini  Tuk menjajah negeri sendiri  Hukum tak seperti di negeri orang  Putusan hakim tak sembarang  Yang salah tak slalu dibenarkan  Budayakan jangan hilangkan  ...
THANK YOU PUNKROCKERS;STUPIDITY;Indonesian Punk;https://open.spotify.com/track/2TiaDcdHhYooNOfnDBjz0g;['indonesian alternative rock'];Find your gigs and find your places It's gonna be last forever Find your heart and find your style This is our night together  This is story punkrock never stop This is story punkrock never end This is story punkrock never die  Find your gigs and find your places It's gonna be last forever Find your heart and find your style This is our night together  This is story punkrock never stop This is story punkrock never end ...
Spirit Of The Punk;Crewsakan;Indonesian Punk;https://open.spotify.com/track/6UhfHZZx4IShkCApsMXD8g;['indonesian punk'];oooooooo spirit of the punk, punk, punk oooooooo spirit of the punk oooooooo spirit of the punk, punk punk oooooooo spirit, spirit, spirit, of the punk  banyaknya batu besar yang selalu menghalang jalanku tidak menghentikan langkah berlariku tanpa ragu derasnya hujan hinaan telah membasahi tubuhku tidak memadamkan api yang membara dijiwaku panasnya raut wajahmu sinis memandang diriku tidak mencairkan jalan pilihan dalam hidupku angkuhnya HATER'S menggong-gong ingin membuatku malu sedikitpun ku tak gentar mendengar suara bodoh mu...(MULUTMU BESAR TAK BER ILMU) ...
My Little Bullet;Crewsakan;Indonesian Punk;https://open.spotify.com/track/2l5EZhJqDL24elNB5y6119;['indonesian punk'];Mari bernyanyi lepaskan suara hati Nikmati lagu ini oy goyang mulai menari Lalu kau hentakan kaki kecilmu ke bumi Menyatakan sebuah gengsi tak berarti  Kini tibalah saatnya mari kita bersuara My little bullet's buktikan pada mereka Semangatmu yang membara (Menghantam congkaknya dunia) Mereka yang selalu menghina diam pada akhirnya  My little bullet's (oi-oi-oi) My little bullet's (oi-oi-oi) My little bullet's Dan kudengar jelas t'riakan amarah jiwa (My little bullet's oi-oi-oi)  My little bullet's (oi-oi-oi) My little bullet's Semangatmu membara membuat Langkahku tak goyah (My little bullet's oi-oi-oi)  My little bullet's (oi-oi-oi) My little bullet's ...
Crewsakan Total;Crewsakan;Indonesian Punk;https://open.spotify.com/track/7j8mfTrrlMeiODDE3tZooK;['indonesian punk'];Terlihat jelas derita saudaraku Terdengar keras jeritan saudaraku  Terlihat jelas derita saudaraku Terdengar keras jeritan saudaraku Disudut-sudut kota dan di plosok desa Kemiskinan semakin meraja Keadilan tak merata  ...
ADA APA DENGAN KAU;STUPIDITY;Indonesian Punk;https://open.spotify.com/track/6z7g3q8AVMUPpJvhuHoOqu;['indonesian alternative rock'];Kau yang s'lalu di hatiku Yang takkan pernah pergi Walau kini kau jauh Tetap jadi mimpi  Sampai kini pun aku masih Merindukanmu Namun aku tetap tak mampu Menidurimu ...
Rutan Bintang Lima;Lukanegara;Indonesian Punk;https://open.spotify.com/track/3XWlm0uwRC0aq1iAYuzThU;['indonesian punk'];Kenapa penjara sekarang sudah bisa dibeli? Apakah ada perbedaan antara kalian dan kami? Hukum-hukum sajalah, fasilitas masa dibeli? Kriminal tetap kriminal, walaupun kau pejabat tinggi  Benarkah lurus kawan? Hukum di negara kita ini Waspadalah semua wahai kaum bawah Yang 'kan terinjak lagi  Keadaan jeruji Bersih tak seperti dulu lagi Bukan menetralisir Malah tambah happy dengan nikmat duniawi  Hei, penjaga bui ...
Matahari Telah Tinggi;Romi & The Jahats;Indonesian Punk;https://open.spotify.com/track/0LgBwbi2znDmgd7MYxi4fq;['indonesian hardcore'];Kopi di gelas telah mendingin Matahari pun juga telah tinggi Ku masih di depan meja cetakku Diamku pikiran tak lagi satu Ratusan suara memintaku  Hening dipecah tangis anakku Yang terjatuh saat belajar jalan Masih bercucuran air mata Merangkak mengapai kaki ibunya Terkembang senyumnya berdiri kembali  Tersentak aku tersadar Ingat semua daya yang kubisa Bekal dari orang tuaku Yang pernah terkubur ...
SATYR '76;STUPIDITY;Indonesian Punk;https://open.spotify.com/track/6QWcjJRCpsCrGrsYZjN39X;['indonesian alternative rock'];Hidup ini bukan berarti 'kan berharga Bila jiwa terlepas dari raga yang bijak Pejamkan mata, jangan lihat dunia sekarang Karena sudah tak indah lagi untuk dilihat Tak ada cinta dan sayang Hilang ketentraman  Saling mencaci dan saling menghina Hilang terpuruk dari kesucian jiwa Tak bisa berfikir 'tuk sesuatu yang benar Bila kau tak ada berdiri dengan tegaknya Harta jadi utama Harga diri tergadaikan  Semua kata yang telah terucap Semua ketidakpastian yang nyata Hanya kemunafikan yang mewarnai ...
Hilang Harapan;Stand Here Alone;POP PUNK INDONESIA 2024;https://open.spotify.com/track/1J9Osz5GGXCkJlx3LUVPVp;['indonesian pop punk'];Sebelum gelap kita tertawa Berjanji setia sampai ujung masa Meski kau dan aku jauh di sana Ingat janji kita untuk selamanya  Hilang harapan Saat kau katakan semua telah usai Kau menemukan Yang baru kini aku kau tinggalkan  Meski sendiri aku 'kan bertahan Memegang janji yang kita ucapkan Berat rasanya hatiku berkata Semoga bahagia engkau dengannya  Selama mataku bisa menatap Kukenang kau sebagai memori kelam Ingin rasanya hatiku berkata Ingat janji dulu kita bersama ...
Kita Lawan Mereka;Stand Here Alone;POP PUNK INDONESIA 2024;https://open.spotify.com/track/2rj9nnNMZQNs2pZAPWuvze;['indonesian pop punk'];Meski kami selalu dikucilkan Kami tak pernah berhenti 'tuk membuktikan Kepada semua orang yang selalu menganggap diri kami sampah Kami 'kan buktikan mereka itu sampah  Jalan yang kita lalui Kelam yang kita jalani, kawan Takkan mampu membuatku menjauh darimu  Bagai bintang yang bersinar Bersinar terang di atas awan Itulah arti persahabatan di antara kita  Dan takkan pernah pudar meskipun Banyak orang mencibir dan berfikir negatif tak pernah mengerti Kita 'kan teriakkan ...
Nikmat Patah Hati;Anarcute;POP PUNK INDONESIA 2024;https://open.spotify.com/track/3lK2qEWdgOMIQdWM6FNW2d;['indonesian pop punk'];Dan terulang lagi hari ini Di ruang yang sepi menatap layar yang terkoneksi Kucoba nikmati patah hati ini Ku benci akui aku gagal lagi  Kuputar lagu patah hati andalanku Kucari tahu, apa hatimu pun hancur? Karena ku ragu, masihkah ada rasamu ...
Indah Tak Sempurna;Stand Here Alone;POP PUNK INDONESIA 2024;https://open.spotify.com/track/5bvLKnz3flORVpmBYcPwUU;['indonesian pop punk'];Terlalu banyak cerita, yang sering aku saksikan Terlalu banyak problema, terlalu sering ku dengar Andai kubisa bicara, kumohon tolong hentikan Hargai aku sebagai keturunan kalian Dan ku tak tahu apa apa Ibu tolonglah berhenti memakinya Ayah jangan memukulnya Entah siapa yang harus aku percaya Kebencian menghancurkan semua  ...
Termentahkan;For Revenge;POP PUNK INDONESIA 2024;https://open.spotify.com/track/0BadrIcA74Xi9OnvC66kBI;['bandung indie', 'indonesian emo', 'indonesian post-hardcore'];Setiap kata yang terucap menghujam nalarku Tak bisakah kau diam? Biarkan kucerna Alibi sempitmu semua termentahkan Gunakan logikamu  Sudahlah, biarkan Sudahlah, biarkan  Tertawalah! Anggap 'ku tak ada Menarilah (tanpa arah), menarilah Tertawalah! Anggap 'ku tak ada Bernyanyilah (tanpa nada), bernyanyilah  ...
Sosok Pengganti;Anarcute;POP PUNK INDONESIA 2024;https://open.spotify.com/track/7JrctawaAEFFjKwTGuJK5B;['indonesian pop punk'];Saat nada kata yang kauucap semakin tinggi Menghilangkan mood dan semangat 'tuk jalani hari Teringat akan janji-janji Teringat kauancamku pergi  S'makin lama kucoba 'tuk jalani semua ini S'makin sayang dengan apa yang t'lah kita lalui Kau bukan alasanku lagi 'Tuk perbaiki semua ini  Dan bila ku tak mampu bertahan 'Tuk kuatkan hati selalu  Bila nanti kau t'lah temukan Sosok penggantiku, kau 'kan sadar ...
Lentera;For Revenge;POP PUNK INDONESIA 2024;https://open.spotify.com/track/3UIx2TTrnyoFkE2jVAzFTN;['bandung indie', 'indonesian emo', 'indonesian post-hardcore'];Senang Dan relakan lihatmu tertawa di sana Jadikan kisah kita pelajaran berharga Buatmu lebih dewasa  Kau tinggalkan cerita yang terindah yang pernah ada Teruslah melangkah cari jalanmu  Tidurlah dan ucapkan selamat tinggal Berhenti tangisi semua tak ada lagi yang tersisa  Dia 'kan berikan bahagia ...
Aku Disini;Anarcute;POP PUNK INDONESIA 2024;https://open.spotify.com/track/6nTJ0HiZ7UFE4hXduSNXQh;['indonesian pop punk'];"Aku di sini, di kamar ini Otakku bekerja Lebih keras dari biasanya Berfikir banyak hal Yang tak seharusnya kufikirkan Merasa kesepian  Tak ada yang lebih sakit Berkata, ""Aku baik-baik saja"" Melihat dunia curang padaku Bersenang-senang tanpaku Hanya c'rita dari anak laki-laki Yang kesepian ..."
Mantan;Stand Here Alone;POP PUNK INDONESIA 2024;https://open.spotify.com/track/7x3BRHLIcbJ5ZJomHvxKTt;['indonesian pop punk'];Hatiku mendadak murka Saat kau berjalan dengannya Berdua begitu mesra Bagai sepasang pengantin muda  Seolah kau menunjukan inilah aku jagoannya Tinggalah aku seorang Sampai kini pun masih lajang  Lantas kau bertanya padaku Menanyakan keadaanku Ku berpura-pura tegar dan Tersenyum padamu  Jawabku baik-baik saja Ku ucapkan selamat bahagia Tapi satu hal yang tidak kau tau  Sampai di rumah aku menangis Meratapi perih nasib yang kualami Sungguh teganya kamu padaku ...
Sebuah Rahasia;Pee Wee Gaskins;POP PUNK INDONESIA 2024;https://open.spotify.com/track/2Le2ixLOCZNvq0ftRD673b;['indonesian emo', 'indonesian indie', 'indonesian pop punk'];Beranjak dan berjalan ke depan Basuh air mata dan cerita Saatnya melupakan  Jam berhenti di dua belas Kuhabiskan gelas demi gelas Membuat pahit sisa yang manis Sampai akhirnya kulupa  Dan kau percaya tak ada yang lebih baik dari ini Apanya yang bahagia dan kutertawa Tak akan ada cerita dalam sebuah rahasia  Lupakan saja dan jangan pernah kau kembali di sini Keringkan semua luka (Pergilah saja) Berlarilah karena kau akan kulupakan  Berhenti dan ingatlah sejenak Coba tetap berdiri tegak Dan membakar semua kenangmu  ...
Jav;Stand Here Alone;POP PUNK INDONESIA 2024;https://open.spotify.com/track/5lHE26RSPc78V4G59MsVjG;['indonesian pop punk'];Nonton TV, gosip pagi, biasa Sinetron tentang SMA dan cinta Nonton kartun kena sensor, anehnya Buka handphone chat gak ada, sadisnya  Hidup membosankan tak punya pasangan Terkadang aku pun diacuhkan Berikan aku, berikan aku kekuatan  Hey kawan, semua tak perlu kau fikirkan Jadikanlah semua ini sebuah acuan Karena hidup selalu belajar dan belajar (Masa depan)  Lidah gua genggam, tangan gua kapalan ...
Bulan & Ksatria;Superman Is Dead;POP PUNK INDONESIA 2024;https://open.spotify.com/track/2Iw7F9BZgi0oGuu6kDumlU;['bali indie', 'indonesian pop punk', 'indonesian rock'];Jejak dendam perih meraksasa di angkasa Akan cinta yang besar dan terhalang durjana Manusia melacurkan diri di istana Namun tak demikian dengan bulan ksatria  Kekuatan cinta 'kan beri dia mahkota Bulan merana jingga hapus air matamu Ksatria datang dengan bendera tanpa pedang Di detik ini cinta adalah kebenaran  Tinggi menjulang menembus peradaban Melewati waktu melawan pembenaran Dan kini bulan menantikan gemilang Tangis, air matanya telah hilang  Derap kuda ksatria gagah dekati surga Walau neraka berjanji 'tuk menghabisinya Di pintu istana bulan merajah hatinya ...
Terima Kasih;Rebellion Rose;POP PUNK INDONESIA 2024;https://open.spotify.com/track/2YWv46SKOl0mrjfQpJ3Y7V;['indonesian punk', 'yogyakarta indie'];Tak pernah kulupakan walau kau jauh di sana Tak pernah berhenti doa mengalir bagimu Meskipun tidur di jalanan, belum lulus, dan pengangguran Tapi ku yakin suatu saat 'kan membanggakanmu  Maafkan aku yang belum bisa bahagiakanmu Belum mampu menjadi seperti yang kaumau Maafkan bila aku pernah buatmu kecewa Mohon maafku hanyalah bagimu  Tak pernah kulupakan walau kau jauh di sana Tak pernah berhenti doa mengalir bagimu Meskipun tidur di jalanan, belum lulus, dan pengangguran Tapi ku yakin suatu saat 'kan membanggakanmu ...
Alive;Stereo Wall;POP PUNK INDONESIA 2024;https://open.spotify.com/track/3XkovuPWRkeU9F5ljovspC;['indonesian pop punk'];Listen to your heart and listen to the beat Listen to your enemies and go to take it Listen to the voices and you're going to be hit Suicide like the walls that you can't break it  Listen to the answer, listen to the breath You can close your eyes to feel the way you can leave it Listen to the fire, to get out Come on, come on stand up to see everything  Explore yourself and make it alive Explore yourself and see what happen next  I see and I see something But you cannot make it through I see and I see something ...
Dunia Belum Berakhir;Anarcute;POP PUNK INDONESIA 2024;https://open.spotify.com/track/3ghZ4r704XHSIJT2el17bi;['indonesian pop punk'];Terpelacuri, bahkan diludahi Akan menjadi makanan Teruslah berjalan dan lihatlah ke depan Melangkah maju, tentukan semua peluang  Jalan masih panjang Jatuh, ya, berdiri Ku takkan menyerah walaupun harus sendiri  Dunia belum berakhir Bukan waktuku untuk menyerah Aku masih di sini Mengejar semua mimpi-mimpi  T'lah banyak ku melihat mata ...
Forever;Stereo Wall;POP PUNK INDONESIA 2024;https://open.spotify.com/track/4DSeLqc0DJvEYo94CPAA8g;['indonesian pop punk'];Forever Unforgettable mistakes I can't believe I've been drowned In the same hole twice I raised my hands like I needed redemption The desire to run grew inside I need just one exemption  Forever Forever (I need just one) (A truly good reason)  Somehow Don't let me stuck to you Reckless And falling forever  Unforgettable mistakes ...
Fake;Killing Me Inside;POP PUNK INDONESIA 2024;https://open.spotify.com/track/3SOY6ToX7OyRx7dWFbjdBg;['bandung indie', 'indonesian emo', 'indonesian pop punk', 'indonesian rock'];Don't have the time for kissing I'm seacrhing for the memories inside The beauty of our existence tonight For i'm the only one that really know  How it feels to be alive. You never wanted to me You never really care I don't know why  The more i try the more i see There's something in the end that you can't see You bring me in but i want you out You fed me lies and pretend you're not  What in the whole which happening to us? (Well i'm thinking for the worst case scenario) (I think i would have you out from inside my mind)  Don't wanna live a lie Now we will break it down ...
Amuk Redam;Pee Wee Gaskins;POP PUNK INDONESIA 2024;https://open.spotify.com/track/2vSBlBRp6VmZp7paHFqqUR;['indonesian emo', 'indonesian indie', 'indonesian pop punk'];Ikut denganku kencang melaju Lupakan semua ragu Menjadi satu dengan alamku Selami laut biru  Kalau ada yang mulai menggangu Amuk redamku sudah menunggu Pastikan semua hancur lebam dan pilu  Jantung berdebar tidak menentu Satukan kepalan sekeras batu Sekuat tenaga kita bersatu Jaga  Jangan berani rusak karangku Bising sajak muak tersulut ...
Wanita Masih Banyak;Stand Here Alone;POP PUNK INDONESIA 2024;https://open.spotify.com/track/5H60BCrbWBocSIAoZwjxwD;['indonesian pop punk'];Telah lama bersama, sekian lama bersama Namun, kaupilih dia 'tuk temani hidupmu Di mana rasa malumu? Di mana harga dirimu? Kaupilih dia ternyata lebih baik dariku  Tapi inilah aku, 'kan kunikmati hidupku Wanita masih banyak yang menunggu Aku salut padamu, kausakiti pria setampan diriku (sakiti aku) Juga meninggalkanku  Kulihat kau bersamanya, ternyata memang ku kalah Dari segi harta, ku tak punya apa-apa Ternyata cinta dan harta tak mungkin jauh terpisah Di mana ada harta, di situ ada cinta ...
Pergi Hilang Dan Lupakan;Remember of Today;POP PUNK INDONESIA 2024;https://open.spotify.com/track/1rRhkSL28ko0rj9k8Gvdlb;['bandung indie', 'indonesian pop punk'];Dunia hari ini begitu tak berarti Tak berjalan cepat, seolah tak peduli Lambat laun ku bosan dengan hari ini Hari yang tak akan pernah berakhir  Semua t'lah berubah, sejalan dengan waktu Setiap detik berharga bagiku Waktu pun ingin kuubah 'tuk kembali tertawa Aku hanya bisa menangis, aku tak bisa  Maafkanlah diriku Atas semua kesalahan yang kuperbuat S'lama ini kepada dirimu  Dan ku berjanji akan melepasmu ...
Memories of You;Last Child;POP PUNK INDONESIA 2024;https://open.spotify.com/track/3z3zAnQEhtEhbxSfpKCi1H;['indonesian pop punk', 'indonesian rock'];I see the childish part of me When I start losing my mind of you And I try to runaway from you To hit back what you have done to me  And someday you will know the truth You see me walk with someone new Seems like yesterday when you get to hurt me Make me dying with all the loneliness who try to killing me  I still remember all the memories betwen you and me I do every crazy thing it just to make you happy But know I'm not affraid to hurt by someone else And I'm laughing if I remember learn to smoking when your gone  ...
Satir Sarkas;Pee Wee Gaskins;POP PUNK INDONESIA 2024;https://open.spotify.com/track/37LDjdOlEu8rDJPxIluvTG;['indonesian emo', 'indonesian indie', 'indonesian pop punk'];Aku berlari membawa pergi luka di jiwa Menutup lubang besar di hati saat kau tak ada  Sejenakku terhentak saatku Dengar kau dengannya Dari sekian banyak pilihan Mengapa kau pilih dengannya  Kau tak punya selera Kau pengkhianat jiwa  Berhari-hari aku menunggu Hilangnya kecewa Membakar sisa kenangan di hati Kau membuatku gila  Dan kaupun dengannya Banyak yang mencela Semua tertawa ...
Dinda;Endank Soekamti;POP PUNK INDONESIA 2024;https://open.spotify.com/track/1qZPbJRWMoSwfVX7q3TqAT;['indonesian alternative rock', 'indonesian indie', 'indonesian pop punk', 'indonesian pop rock', 'indonesian rock'];Apa kabar, Dinda? Lama tak jumpa Rasanya hampir dua purnama Rindu di dada tak siapa yang tahu  Dinda jauh di sana, jauh di mata Namun, di hati sentiasa ada Menemani di kala gundah gulana  Dinda, kanda pergi hanya seketika cuma Ini kan semua demi masa depan kita  Dinda, jangan marah-marah Takut nanti lekas tua Kanda setia orangnya ...
Jentaka;For Revenge;POP PUNK INDONESIA 2024;https://open.spotify.com/track/7xETTGfeFIDCbCGX20YhR5;['bandung indie', 'indonesian emo', 'indonesian post-hardcore'];Sejenak ku mengirikan luka Yang kusuguhkan ritme jenaka Dan biarkan dirinya tertawa Lepas di atas jentaka yang kutelan  Mari bermain, tak peduli kepedihanku Mari bermain dan menghibur mereka, wo  Dan lelah kusembunyikan Kala kecewa pada dunia Dan lelah kusembunyikan  Aku tak mau diketahui ...
Perayaan Patah Hati;For Revenge;POP PUNK INDONESIA 2024;https://open.spotify.com/track/7FASTpnu9gXtBb5T3vkJer;['bandung indie', 'indonesian emo', 'indonesian post-hardcore'];Telah meranggas sekujur badan setelah kau tinggalkan, tak tersisa Ditelantarkannya mimpi dan rencana ke sepanjang jalan yang tak dilalui lagi berdua Dengan sesal yang masih menghias pusara  Pemakaman jiwa yang pernah kau hidupkan Sekumpulan kecewa dari hal-hal yang kita janjikan  Musnah Terukir dalam batin yang mengais hadir Terkunci dalam darah yang mengalir getir  Meletus Menjadi perayaan dalam kelam yang bersulang Meluap dalam keranda penuh belati yang menancap tulang  Remuk Tak ada lagi yang bisa dicerna dari hari-hari tanpa renjana  Terbit sang fajar pun tak ubahnya kekacauan yang menyilaukan Gemerlap yang sama sekali tak kuinginkan Menggelapkan sadar yang tersisa dari segala yang bisa disaksikan mata  ...
Ada Selamanya;For Revenge;POP PUNK INDONESIA 2024;https://open.spotify.com/track/20RyUmtp32IZ52AqGH2B01;['bandung indie', 'indonesian emo', 'indonesian post-hardcore'];Untuk yang pernah ada Dan menetap di kepala Yang ku kira sementara Ternyata selamanya  Untuk yang pernah singgah Ku dengar kau telah bahagia Sudikah berbagi caranya Karena ku tak bisa  Ku hanya ingin lupa Hanya ingin lupa Karena kau pernah ada ...
Diary Depresiku;Last Child;POP PUNK INDONESIA 2024;https://open.spotify.com/track/4HPxh6IkRxCkb3T06Pltch;['indonesian pop punk', 'indonesian rock'];Malam ini hujan turun lagi Bersama kenangan yang ungkit luka di hati Luka yang harusnya dapat terobati Yang kuharap tiada pernah terjadi  Ku ingat saat ayah pergi, dan kami mulai kelaparan Hal yang biasa buat aku hidup di jalanan Di saat ku belum mengerti arti sebuah perceraian Yang hancurkan semua hal indah yang dulu pernah aku miliki  Wajar bila saat ini ku iri pada kalian Yang hidup bahagia berkat suasana indah dalam rumah ...
Sampai Nanti;Threesixty Skatepunk;POP PUNK INDONESIA 2024;https://open.spotify.com/track/6mMLJpfRxyl76pgAVJyhuP;['indonesian pop punk', 'indonesian punk'];Dimana kan kusimpan semua harapan ini Di saat kutemui jalan yang tak bertepi Seiring redup hati selimuti senyummu Tak mampu ku bergerak di sudut sempit ini  Jadilah pelita di kala redup hatimu Di saat tak mampu lagi diriku terangi gelapmu seperti dulu Teruslah melangkah walau kini ku tak berjalan di sampingmu Hingga kau pun berlabuh di akhir ujung jalanmu  Sampai nanti ...
Fluktuasi Glukosa;Pee Wee Gaskins;POP PUNK INDONESIA 2024;https://open.spotify.com/track/7han1XlROg6CzsYN2S4qom;['indonesian emo', 'indonesian indie', 'indonesian pop punk'];Saat terbaik dalam hidupku adalah dengan kamu (dengan kamu) Tetaplah di sini semua kenang titik dua dan bintang  Hitam putih atau berwarna (hitam putih atau berwarna) Gelap terang siang dan malam, selamanya  Tetaplah di sini semua kenang (oh), genggam tanganku sayang (Genggam tanganku sayang)  Hitam putih atau berwarna (hitam putih atau berwarna) Gelap terang siang dan malam, selamanya  ...
Sorry;NTRL;POP PUNK INDONESIA 2024;https://open.spotify.com/track/4DV3fco6BkxRbRDeQUhFms;['indonesian indie', 'indonesian pop punk', 'indonesian rock'];Sekarang cinta bukanlah sahabat bagiku Sekarang kita berdua telah jadi musuh Kata sayang sepertinya juga telah hilang Mereka pergi angkat kaki jauh dari sini  Sorry, kita tak sejalan Sepertinya kita tak sepaham Sorry, sorry  Sekarang aku berkawan dengan kesepian ...
Torment;Killing Me Inside;POP PUNK INDONESIA 2024;https://open.spotify.com/track/4VSCEZLgWdS8uSNaIurxDW;['bandung indie', 'indonesian emo', 'indonesian pop punk', 'indonesian rock'];For the last time You waste my tears now, no more torment But don't just say you've gone away You tell a fuckin' tale Swallow me and spit me out How do I get trought of this? I can't stand it anymore  (Can, you, see, me?) Smiling when I sing this song (Right, now!) I just want to be alive You know I was dying when you told me That I'm not yours anymore You know I was dying when you told me You're just playing and (Fooling around with me)  When the time she comes and wakes me (She comes and wakes me) And when she bit my lips and kissed me there When she holds my hand and lives my life tonight (Tonight) And when she said that she really love me Were the worst fuckin' day  ...
Jakarta Hari Ini;For Revenge;POP PUNK INDONESIA 2024;https://open.spotify.com/track/3OarBmsAVPJG42EVPWkTwh;['bandung indie', 'indonesian emo', 'indonesian post-hardcore'];Jakarta hari ini, tak pernah sama Jika dahulu ku tak pernah membuatnya kecewa Jakarta hari ini, tak pernah ada Jika dahulu ku tak pernah membuatnya menyeka air mata  Dan sebuah pesan menyapa Menjelang hari bahagia Tanpa namaku yang di sana Temanimu selamanya  (Menyakitkan) menyakitkan Ini terlalu satir Terlampau getir untuk diterima ...
Air Mata Api;Burgerkill;POP PUNK INDONESIA 2024;https://open.spotify.com/track/5s0tW2REWr7acLrdmyVY3H;['indonesian death metal', 'indonesian deathcore', 'indonesian indie', 'indonesian metal', 'indonesian post-hardcore', 'indonesian rock'];Aku adalah lelaki tengah malam Ayahku harimau, Ibuku ular Aku dijuluki orang sisa-sisa Sebab kerap merintih, kerap menjerit  Temanku gitar, temanku lagu Nyanyikan tangis, marah, dan cinta Temanku niat, temanku semangat Yang kian hari, kian berkarat Semakin berkarat  Aku berjalan, orang cibirkan mulut Aku bicara, mereka tutup hidung Aku tersinggung peduli nilai-nilai Aku datangi dengan segunung api ...
Tentang kita;Stereo Wall;POP PUNK INDONESIA 2024;https://open.spotify.com/track/0Hk1wPLl96Jyqjd5uWIddx;['indonesian pop punk'];Haruskah kusalahkan dunia ('Tuk membuatmu mengerti?) Telah banyak waktu yang hilang Hanya untuk dirimu  Tak pernah ada cinta (Yang mengikat erat kita) Tak pernah ada kita (Di atas dunia yang indah)  Akan datang sebuah cerita ...
Serana;For Revenge;POP PUNK INDONESIA 2024;https://open.spotify.com/track/0PtJbtW50jcvvswNPn3QGd;['bandung indie', 'indonesian emo', 'indonesian post-hardcore'];Di setiap masa yang telah kulewati Menua bersama kisah tak terganti Senja mulai membiru, menunggu yang berlalu Haru air mata menyela, iringi rindunya  Jika kau merasa sepi Kembalilah ke tempat ku menanti Sebelum waktu menuntut mati  (Ha-ah-oh-oh) (Ha-ah-oh-oh) (Ha-ah-oh-oh) ...
Kau Pikir Kaulah Segalanya? (Kau Maniz Kau Ibliz);Edane;POP PUNK INDONESIA 2024;https://open.spotify.com/track/4u6s0htj1RLtYyvL5OFKAA;['classic indonesian rock', 'indonesian metal', 'indonesian pop rock', 'indonesian rock'];Seharusnya kau berada di sisiku Mengusir sepi yang menyelimutiku Di Sabtu malam janjimu Tak sabar ku menunggu Walau kesal hatiku, but it's ok  Kucoba memberikan toleransiku Bikin resah, buyarkan konsentrasiku Apakah engkau merasa aku bukan manusia Yang 'kan luput dari rasa amarah?  Kuakui, kau memang manis tapi kau iblis Kaupikir, kaulah segalanya (ah-ah) 'Tuk dimaklumi dan juga 'tuk ditakuti Walau mempesona, membutakan mata Tapi bisa kubalas kau lebih gila  ...
Pulang;For Revenge;POP PUNK INDONESIA 2024;https://open.spotify.com/track/0Efmh8yhqenqZ6WohgLxR5;['bandung indie', 'indonesian emo', 'indonesian post-hardcore'];Gundah yang memudarkan asa Malam ini tak ada akhirnya Ku bergeming dalam lamunan Seakan semua 'kan berakhir Lelah Dan menyerah  Ku terjebak di titik terendah Terjatuh, kehilangan arah Saat ku merasa semua 'kan berakhir Seketika, suara itu tiba Datang dan menyapa lirih Memanggil namaku ...
Introvert;Stand Here Alone;POP PUNK INDONESIA 2024;https://open.spotify.com/track/62thhXr3NIiZrn0xbBHaZo;['indonesian pop punk'];Aku tak mau menjadi seperti ini Menjadi pecundang dan tak berdaya Hanya bermain dengan diriku sendiri Tak pernah mencoba untuk percaya  Kucoba 'tuk beranikan diri Perlahan kudekati, tak mau sembunyi Ternyata setelah kudekati, ini yang terjadi  Jantung berdetak kencang dan tak terkendali Keringat mengucur deras tak berhenti Muka memerah seperti habis berlari Aku tak bisa jadi pemberani ...
Siapkah Kau 'Tuk Jatuh Cinta Lagi;Endank Soekamti;POP PUNK INDONESIA 2024;https://open.spotify.com/track/0DemBJ8LE8jxvEduWJAhRl;['indonesian alternative rock', 'indonesian indie', 'indonesian pop punk', 'indonesian pop rock', 'indonesian rock'];Ketika ku mendengar bahwa Kini kau tak lagi dengannya Dalam benakku timbul tanya  Masihkah ada dia di hatimu bertakhta? Atau ini saat bagiku untuk singgah di hatimu? Namun, siapkah kau 'tuk jatuh cinta lagi?  Meski bibir ini tak berkata Bukan berarti ku tak merasa Ada yang berbeda di antara kita  Dan tak mungkin ku melewatkanmu hanya kar'na Diriku tak mampu untuk bicara Bahwa aku inginkan kau ada di hidupku  Kini ku tak lagi dengannya Sudah tak ada lagi rasa Antara aku dengan dia ...
Genit;Endank Soekamti;POP PUNK INDONESIA 2024;https://open.spotify.com/track/4p3YxE6T6FZJhQqckghVOB;['indonesian alternative rock', 'indonesian indie', 'indonesian pop punk', 'indonesian pop rock', 'indonesian rock'];Lihat senyum manis di atas bibir bergincu Kedip mata merayu, jelas coba mengganggu Tawa renyah terpasang bukan tanpa tujuan Satu korban terjerat, itulah harapan  Wangi parfum semerbak membius pusat saraf Hadirkan bayangan 'tuk lepas keresahan Bergejolak, semua coba berontak Ketika tak kuasa, langsung ku lari mengelak  ...
Bermalam Bintang ( feat. Havinhell );Rebellion Rose;POP PUNK INDONESIA 2024;https://open.spotify.com/track/3Xfnrj21fOiVriGNk3GGim;['indonesian punk', 'yogyakarta indie'];Malam terang bergemerlap bintang Berbicara tentang dunia yang semakin suram Dan lihatlah kirimu, masihkah kawanmu? Berjanjilah sampai mati 'tuk setia berdiri for punk  Hei, Kawanku, jangan kau bersedih Tatap matahari pagi, kumpulkan semangatmu Kita di sini tak lelah 'tuk bernyanyi Selama suka duka tetap ada menghiasi  Aku, kamu, dia, dan mereka Pasti pernah terpuruk dan berada di atas Ingat, Kawan, kita yang tertawa Akan tak sanggup lagi 'tuk tahan air mata  Kar'na kita manusia ...
Rayakan Sejenak Hidup Kita;Anarcute;POP PUNK INDONESIA 2024;https://open.spotify.com/track/43zhc1fde1CSFEwqmS989k;['indonesian pop punk'];Asam lambungmu naik lagi Ucap dokter kau depresi Mungkin karna mengejar materi Atau mungkin patah hati Coba penuhi ekspektasi family Kerja terus sampai pagi Banyak hal yang harus kau miliki Kau bukan si manja lagi Cita cita dan realita terus berbenturan Namun bukan hanya kau yang merasakan itu semua Dan kau tidak menyerah Ku tau tak mudah Terima kasih ku, kau tlah berusaha Dan kau tak kan menyerah Walau penuh luka Mari rayakan sejenak bersama hidup kita ...
Berdiri Teman;Closehead;POP PUNK INDONESIA 2024;https://open.spotify.com/track/2wzLryGH80h3RkzuzVOriD;['bandung indie', 'indonesian pop punk'];Gnatnebret gnay nalaj gnatnorek gnirek  Kering kerontang jalan yang terbentang Teka-teki hidup apa lagi ini? Hati pun melemah saat 'kan kembali pulang  Tak usah berharap lebih 'tuk berlari (T'rus berlari) Mungkin hari ini tak pernah kembali (Dan tak kembali) Berjalanlah perlahan menyelesaikan hari Hari  Jangan kau jadikan satu kenangan yang memilukan Berdiri teman Jalan begitu panjang terbentang Jangan kau lewatkan tanpa harapan  ...
Semoga Kau Dineraka;Endank Soekamti;POP PUNK INDONESIA 2024;https://open.spotify.com/track/6FbDi6zR4Oz4sqcSoykYb0;['indonesian alternative rock', 'indonesian indie', 'indonesian pop punk', 'indonesian pop rock', 'indonesian rock'];Saat itu aku siap memburu Dan takkan ragu-ragu mengakhiri hidupmu Ku pikir bijaksana sangat luar biasa Ternyata itu salah Ku takut masuk penjara  Dan ketika mulut telah berbusa Mengucap kata-kata murka pada dirinya Yang membuatku cemburu Hancur dan tak menentu Ketika itu juga aku telah bersumpah  Dan tak ada air mata yang tersisa semua sirna Semoga kau di neraka bersamanya ...
Kembali;Last Child;POP PUNK INDONESIA 2024;https://open.spotify.com/track/0RxgDQqKsSrkhgUmq59F9m;['indonesian pop punk', 'indonesian rock'];"Kubingkai lagi foto yang gambarkan kemesraan diriku, denganmu Kutulis lagi namamu yang t'lah kuhapus dalam handphoneku Kutulis dengan nama ""sayangku""  Karena kau t'lah hadir kembali Untuk menebus sepi Yang kau berikan saat engkau pergi  Kini cobalah 'tuk mengerti aku lebih dalam Agar kau tahu berartinya dirimu untukku Dan kini cobalah 'tuk memaafkan salahku Yang t'lah hancurkan hatimu ..."
Seharusnya;Last Child;POP PUNK INDONESIA 2024;https://open.spotify.com/track/7yPgSFjZXob3B46xYrTQCf;['indonesian pop punk', 'indonesian rock'];Pergilah 'kan ku simpan bayangmu di sini Sebagai puisi yang ceritakan tentang engkau dan aku Biarlah ku bertabur demi angan ini Disaat kusadari kau tercipta bukan lagi untukku  Seharusnya tak ku isi hatiku dengan cinta untuk dirimu Yang kini menghancurkan hidupku Karena hanya kamulah yang mengerti jiwaku Yang keliru tentang arti mimpi Yang jadi tempatku berpijak tuk meninggikanmu  Haruskah bilaku salahkan hidup ini ...
